{"tag_name":"v20.08","name":"Notifikasi update versi dan lisensi. Fitur pencatatan dan pelaporan data persil dengan C-Desa.","zipball_url":"https:\/\/api.github.com\/repos\/OpenSID\/OpenSID\/zipball\/v20.08","tarball_url":"https:\/\/api.github.com\/repos\/OpenSID\/OpenSID\/tarball\/v20.08","body":"Di rilis ini, versi 20.08, tersedia fitur Notifikasi Update Versi, Notifikasi Tracking, Notifikasi Lisensi dan Fitur pencatatan dan pelaporan data persil dengan C-Desa. Rilis ini juga berisi perbaikan lain yang diminta Komunitas SID.\r\n\r\nTerima kasih pada afa28, Rudy Purwanto, masumo, Suyadi dan Zeppy Shiddiq yang terus berkontribusi. Terima kasih pula pada Faizul Amali yang baru mulai berkontribusi.\r\n\r\nLengkapnya, isi rilis versi 20.08 adalah sebagai berikut:\r\n\r\n1. Sederhanakan pengamanan folder desa pada waktu migrasi DB. [teknis]\r\n2. Sekarang tampilkan notifikasi apabila memasukkan nama RT duplikat. [bug-fix]\r\n3. #3287: Sekarang jumlah KK dan penduduk di Info Desa > Wilayah Administratif sudah benar. [bug-fix]\r\n4. Perbaiki tampilan RFM di QR Code untuk layar kecil dan gunakan tampilan bahasa Indonesia.\r\n5. Perbaharui library HTML Parser supaya kompatibel dengan PHP 7.3 dan 7.4. [teknis]\r\n6. #3296: Sekarang data desa tampil di Cetak Biodata penduduk. [bug-fix]\r\n7. Perbaharui Mapbox API dari Classic ke GL. [teknis]\r\n8. #3301: Sekarang bisa membuat backup folder desa langsung dari menu Pengaturan > Database.\r\n9. #3305: Sekarang peta format ESRI shapefile (.SHP) bisa diimpor ke semua pemetaan Desa \/ Dusun \/ RW \/ RT \/ Lokasi\/ Garis \/ Area.\r\n10. Tampilkan infrastruktur desa (lokasi, area, garis) di Peta Web.\r\n11. #3279: Hapus sosial media google plus, serta tambahkan share artikel via telegram menggantikan google plus\r\n12. #3319: Tampilkan peta overlay area\/garis\/lokasi yg sdh ada di form ubah peta area\/garis\/lokasi.\r\n13. #3315: Hapus angka pada bidang garis di peta. Hanya tampilkan keseluruhan panjang garis dan luas area.\r\n14. #3118, #3282: Pengguna Layanan Mandiri sekarang hanya dapat mengubah\/menghapus dokumen yang mereka unggah, atau yang diberi izin oleh petugas kantor desa.\r\n15. #3321: Sekarang Surat Keterangan Tidak Mampu dapat diubah untuk menampilkan jumlah anggota keluarga yang tidak dibatasi.\r\n16. #2152: Sesuaikan pencatatan dan pelaporan data persil dengan C-Desa.\r\n17. #3204: Tampilkan notifikasi di Dashboard Admin apabila ada rilis OpenSID yg lebih baru.\r\n18. #3214: Sekarang access key Responsive File Manager dihasilkan secara dinamis pada waktu login tanpa intervensi pengguna. [security-fix]\r\n19. Perbaiki judul kolom jumlah tertukar di halaman Statistik > Statistik Kependudukan > Grafik\/Pie. [bug-fix]\r\n20. Perbaiki impor data penduduk supaya kolom '-' diubah menjadi kosong. Juga ubah kolom tweb_penduduk->dokumen_kitas bisa berisi karakter alfanumerik.\r\n21. #3346: Perbaiki jumlah cacat yg tampil di Laporan Cetak Kelompok Rentan. [bug-fix]\r\n22. #3350: Ubah cara menguji apakah file yg diunggah berisi script PHP supaya tidak menolak file yg valid.\r\n23. Sediakan menu untuk mengubah daftar simbol yg digunakan pada lokasi di peta. Tambahkan simbol lembaga Indonesia.\r\n24. Peta sekarang bisa tampilkan gambar untuk area, garis dan lokasi.\r\n25. Tampilkan QR Code OpenSID di tampilan Peta.\r\n26. #3351: Perbaiki tautan menu statis ke artikel eksternal. [bug-fix]\r\n27. #3205: Haruskan pengguna untuk membaca dan menyetujui syarat penggunaan OpenSID.\r\n28. #3206: Tampilkan peringatan kalau setting tracking website dimatikan.\r\n29. #3329: Sekarang pengguna tingkat operator dapat mengakses menu keuangan manual.\r\n30. #3341: Sediakan pilihan Laporan Keuangan per semester di sisipan artikel.\r\n31. #3328: Sekarang di Peta web infrastruktur (area\/garis\/lokasi) yang tampil hanya yg aktif saja. [bug-fix]\r\n32. Sekarang pesan proses migrasi tampil terus sampai prosesnya selesai.\r\n33. Sesuaikan dan sederhanakan nama file dan script modul Identitas Desa. [teknis]\r\n34. Sekarang tema klasik kembali ditampilkan apabila tema terpilih dihapus dari folder desa. [bug-fix]\r\n35. Percepat loading Responsive File Manager dengan memindahkan beberapa file ke rilis OpenSID. [teknis]\r\n36. #3348: Sekarang jumlah penerima program bantuan yg ditampilkan di statistik kependudukan adalah peserta unik, sehingga penerima beberapa program bantuan tidak dihitung berkali-kali. [bug-fix]\r\n37. Naikkan jumlah unsur area\/garis\/lokasi yg dapat ditampilkan di peta dari 500 menjadi 1000.\r\n38. #3375: Perbaiki filter kategori\/jenis di tabel Pengaturan Peta > Garis. [bug-fix]\r\n39. #3361: Sekarang di daftar Rumah Tangga entri yg baru ditambah tampil diurutan teratas.\r\n40. #3384: Perbaiki filter dusun\/rw\/rt di statistik kependudukan supaya tidak pindah ke statistik salah.\r\n41. Sederhanakan script modul statistik kependudukan. [teknis]\r\n42. #2779: Perbaiki masalah statistik tidak tampil jika desa\/dusun\/rw\/rt mengandung spasi.\r\n43. Perpanjang kolom Nomor SK Pengangkatan di Pemerintahan Desa, dan batasi form tidak boleh mengisi lebih dari 30 karakter.\r\n\r\n\r\nSelalu diingatkan, apabila meng-upgrade (yaitu bukan install baru) dari versi SEBELUM versi 20.08, lakukan Database > Migrasi DB untuk menyesuaikan struktur database dan folder desa.\r\n\r\n","created_at":"2020-08-01T01:20:24Z","published_at":"2020-08-01T01:24:13Z"}